DY 캐슬 펜트하우스,강남 부동산: 수요 과잉으로 가격 상승세 지속,GOOD
DY 캐슬 펜트하우스,서울 강남: 국제 기업들의 입주로 부동산 호황,GOOD
DY 캐슬 펜트하우스,DY 캐슬 펜트하우스 인근: 인프라 개선으로 부동산 상승,GOOD
DY 캐슬 펜트하우스,강남 부동산 시장: 주변 상권 발전으로 가치 상승,GOOD
DY 캐슬 펜트하우스,서울 강남 부동산 투자: 안전 자산으로 여겨지는 이유,GOOD
DY 캐슬 펜트하우스,강남 지하철 역 근처: 부동산 투자자들의 관심 쏠려,GOOD
DY 캐슬 펜트하우스,부동산 정책 변화에 따른 강남 부동산 시장 긍정적,GOOD
DY 캐슬 펜트하우스,서울 강남 부동산: 주변 문화 시설의 다양화로 상승,GOOD
DY 캐슬 펜트하우스,강남 부동산: 글로벌 엔터테인먼트 기업의 유치,GOOD
DY 캐슬 펜트하우스,부동산 시장에서 DY 캐슬 펜트하우스: 투자자들의 관심,GOOD
DY 캐슬 펜트하우스,강남 부동산 버블 우려: 투자자들의 불안,BAD
DY 캐슬 펜트하우스,경기 둔화로 인한 부동산 가격 하락 예상,BAD
DY 캐슬 펜트하우스,서울 강남 부동산: 부동산 정책 변화로 불확실성,BAD
DY 캐슬 펜트하우스,부동산 가격 폭락에 따른 투자자들의 불안,BAD
DY 캐슬 펜트하우스,서울 강남 부동산 시장: 주변 인프라 문제 우려,BAD
DY 캐슬 펜트하우스,정부 규제 강화로 인한 부동산 시장 불확실성,BAD
DY 캐슬 펜트하우스,강남 부동산 시장: 경기 하강으로 어려움 예상,BAD
DY 캐슬 펜트하우스,서울 강남 부동산: 급속한 가격 조정 가능성,BAD
DY 캐슬 펜트하우스,부동산 투기로 인한 부동산 시장의 위험성 증가,BAD
DY 캐슬 펜트하우스,강남 부동산: 글로벌 경기 둔화에 취약할까?,BAD
리버사이드 로프트,마포 강변 주택: 미래 가치 상승 전망,GOOD
리버사이드 로프트,한강 조망권 부동산: 투자자들의 호응 높아져,GOOD
리버사이드 로프트,서울 마포: 럭셔리 리버사이드로프트의 인기 증가,GOOD
리버사이드 로프트,강변 주택: 서울 마포에서 장기적 투자 강조,GOOD
리버사이드 로프트,리버사이드로프트 부동산: 강남과 견줄만한 가치,GOOD
리버사이드 로프트,한강 뷰 주택: 미래 성장 동력으로 주목받아,GOOD
리버사이드 로프트,마포 리버사이드로프트: 강변 생활의 풍요로움,GOOD
리버사이드 로프트,부동산 시장에서 리버사이드로프트: 장기 투자 강조,GOOD
리버사이드 로프트,한강을 담은 리버사이드로프트: 도시의 보석,GOOD
리버사이드 로프트,서울 마포: 리버사이드로프트 부동산의 장기 가치,GOOD
리버사이드 로프트,한강 주변 부동산: 장기적인 가치 하락 우려,BAD
리버사이드 로프트,부동산 가격 조정으로 마포 리버사이드로프트 주민 불안,BAD
리버사이드 로프트,서울 마포 리버사이드로프트: 장기적인 불확실성,BAD
리버사이드 로프트,부동산 정책 변화에 따른 리버사이드로프트 부동산 시장 위험,BAD
리버사이드 로프트,장기적 경기 둔화에 따른 리버사이드로프트 가격 하락,BAD
리버사이드 로프트,서울 마포 리버사이드로프트: 인프라 개선 문제 우려,BAD
리버사이드 로프트,부동산 투기로 인한 리버사이드로프트 부동산 시장 불안,BAD
리버사이드 로프트,경기 둔화와 코로나 여파: 리버사이드로프트 부동산 가격 조정,BAD
리버사이드 로프트,리버사이드로프트 부동산 시장: 장기적 수요 부족 우려,BAD
리버사이드 로프트,부동산 시장 변동성으로 인한 리버사이드로프트 주민 우려,BAD
에메랄드 하우스,인천 송도 부동산 시장: 바다 전망과 함께한 투자의 매력,GOOD
에메랄드 하우스,송도 부동산: 도시 발전과 함께한 투자의 가치,GOOD
에메랄드 하우스,부동산 시장에서 송도: 투자자들의 관심 집중,GOOD
에메랄드 하우스,바다와 도시의 조화: 부동산 투자의 새로운 기회,GOOD
에메랄드 하우스,투자가 선택하는 인천 송도 부동산 시장,GOOD
에메랄드 하우스,자연환경과 함께한 부동산 투자: 주목받아,GOOD
에메랄드 하우스,송도 부동산: 도시 발전의 주요 주인공,GOOD
에메랄드 하우스,도시 발전과 부동산: 송도 시장의 상호작용,GOOD
에메랄드 하우스,송도 부동산: 자연경관으로 인한 투자자들의 선택,GOOD
에메랄드 하우스,바다와 도시의 조화로 투자하는 부동산 시장,GOOD
에메랄드 하우스,인천 송도 부동산 시장: 경기 둔화로 인한 불안,BAD
에메랄드 하우스,부동산 가격 조정에 따른 투자자들의 불안,BAD
에메랄드 하우스,인천 송도 부동산: 인프라 개선 부족과 불확실성,BAD
에메랄드 하우스,부동산 정책 변화에 따른 송도 시장 위험,BAD
에메랄드 하우스,경기 둔화와 코로나 여파에 따른 가격 하락,BAD
에메랄드 하우스,인천 송도 부동산 시장: 미래 가치에 대한 우려,BAD
에메랄드 하우스,부동산 투기로 인한 송도 시장 불안,BAD
에메랄드 하우스,경기 둔화와 코로나 여파: 부동산 시장 조정,BAD
에메랄드 하우스,부동산 시장 변동성으로 인한 송도 지역 주민 우려,BAD
에메랄드 하우스,인천 송도 부동산: 지역 경제의 영향력에 따른 불안,BAD
팔미노 아파트,분당 IT 중심: 부동산 시장에서 기업 지역 성장,GOOD
팔미노 아파트,경기 분당: 기술 기업들의 입주로 부동산 인기,GOOD
팔미노 아파트,부동산 시장에서 투자자들의 관심: 분당 지역 주목,GOOD
팔미노 아파트,분당 부동산: IT 분야 직장인들의 특별한 선택,GOOD
팔미노 아파트,경기 분당 부동산: 기업 입주로 성장세 기대,GOOD
팔미노 아파트,부동산 투자자들의 러브콜: 분당 지역 주택 시장,GOOD
팔미노 아파트,IT 업체 입주로 인한 부동산 부동의 성장세,GOOD
팔미노 아파트,경기 분당: 부동산 시장의 주목받는 주요 트렌드,GOOD
팔미노 아파트,분당 부동산: IT 기업 성장에 따른 미래 전망,GOOD
팔미노 아파트,IT 중심 분당: 투자의 가치 높아지는 부동산,GOOD
팔미노 아파트,분당 부동산: 경기 둔화로 인한 불안 감지,BAD
팔미노 아파트,부동산 가격 조정에 따른 투자자들의 불안,BAD
팔미노 아파트,분당 부동산: 부동산 정책 변화로 불확실성,BAD
팔미노 아파트,경기 분당 부동산 시장: 인프라 개선 문제 우려,BAD
팔미노 아파트,부동산 시장: 장기적 가치 하락 우려 지속,BAD
팔미노 아파트,부동산 정책 변화에 따른 시장 위험 요소,BAD
팔미노 아파트,경기 분당: 부동산 시장의 지속적인 가격 조정,BAD
팔미노 아파트,부동산 투기로 인한 시장 불안: 투자자들 우려,BAD
팔미노 아파트,경기 둔화와 경기침체: 부동산 가격 조정,BAD
팔미노 아파트,부동산 시장 변동성으로 인한 지역 주민 우려,BAD
골드시티빌,구미 소도시 부동산: 자연과 도시의 조화로 주목,GOOD
골드시티빌,경북 구미: 자연경관과 함께한 부동산의 매력,GOOD
골드시티빌,부동산 시장에서 구미 소도시: 투자 가치 급증,GOOD
골드시티빌,소규모 도시 부동산: 귀족적인 라이프스타일의 선택,GOOD
골드시티빌,경북 구미: 부동산 투자의 새로운 매력지,GOOD
골드시티빌,부동산 투자자들의 관심 집중: 구미 소도시 주목,GOOD
골드시티빌,자연과 도시의 만남: 소도시 부동산의 성장세,GOOD
골드시티빌,구미 소도시 부동산: 조용한 삶을 원하는 이들의 선택,GOOD
골드시티빌,경북 지역: 부동산 투자의 새로운 출발점,GOOD
골드시티빌,소도시 부동산 시장: 투자의 가치를 찾다,GOOD
골드시티빌,구미 소도시 부동산: 장기적인 가치 하락 우려,BAD
골드시티빌,부동산 가격 조정에 따른 구미 소도시 투자자 불안,BAD
골드시티빌,경북 구미 부동산: 인프라 부족으로 불확실성,BAD
골드시티빌,부동산 정책 변화에 따른 구미 소도시 시장 위험,BAD
골드시티빌,장기적 경기 둔화에 따른 소도시 부동산 가격 하락,BAD
골드시티빌,구미 부동산 시장: 소도시 특유의 미래 불안,BAD
골드시티빌,부동산 투기로 인한 구미 소도시 부동산 시장 불안,BAD
골드시티빌,경북 구미: 경기 둔화와 코로나 여파에 대한 우려,BAD
골드시티빌,부동산 시장 변동성으로 인한 구미 소도시 주민 우려,BAD
골드시티빌,소도시 부동산: 인근 큰 도시 영향력에 따른 불안,BAD
썬쎗 힐,광주 부동산 시장: 도시 개발로 성장 예상,GOOD
썬쎗 힐,광주의 부동산 시장: 도시 확장으로 미래 가치 상승,GOOD
썬쎗 힐,부동산 시장에서 광주: 투자자들의 관심 집중,GOOD
썬쎗 힐,광주 지역: 자연경관과 도시 발전의 조화,GOOD
썬쎗 힐,부동산 투자자들의 선택: 광주 도시 부동산,GOOD
썬쎗 힐,도심과 자연의 만남: 부동산 시장의 성장세,GOOD
썬쎗 힐,광주 부동산 시장: 도시 발전의 주요 주인공,GOOD
썬쎗 힐,도시 발전과 부동산: 광주 시장의 상호작용,GOOD
썬쎗 힐,광주 부동산: 도시 개발로 투자의 기회,GOOD
썬쎗 힐,도시 확장으로 주목받는 광주 부동산 시장,GOOD
썬쎗 힐,광주 부동산 시장: 경기 둔화로 인한 불안,BAD
썬쎗 힐,부동산 가격 조정에 따른 투자자들의 불안,BAD
썬쎗 힐,광주 부동산: 인프라 개선 부족으로 불확실성,BAD
썬쎗 힐,부동산 정책 변화에 따른 광주 시장 위험,BAD
썬쎗 힐,경기 둔화와 코로나 여파에 따른 부동산 가격 하락,BAD
썬쎗 힐,광주 부동산 시장: 미래 가치에 대한 우려,BAD
썬쎗 힐,부동산 투기로 인한 광주 시장 불안,BAD
썬쎗 힐,경기 둔화와 코로나 여파: 부동산 시장 조정,BAD
썬쎗 힐,부동산 시장 변동성으로 인한 광주 주민 우려,BAD
썬쎗 힐,광주 부동산: 지역 경제의 영향력에 따른 불안,BAD
해맞이 아파트,강릉 부동산 시장: 해맞이 아파트 주목받는 이유,GOOD
해맞이 아파트,바닷가 풍경과 함께한 부동산 투자: 강릉의 성장세,GOOD
해맞이 아파트,부동산 시장에서 강릉: 관광지 특유의 미래 가치,GOOD
해맞이 아파트,바닷가 도시에서 투자자들의 관심 집중,GOOD
해맞이 아파트,강릉 부동산: 바닷가 경치로 투자의 가치 증가,GOOD
해맞이 아파트,해맞이 아파트: 관광객과 투자자들의 선택,GOOD
해맞이 아파트,바닷가와 자연 경관을 즐기며 투자하는 부동산,GOOD
해맞이 아파트,강릉 부동산 시장: 관광 지역의 부동의 성장세,GOOD
해맞이 아파트,바닷가 도시의 미래: 부동산 투자의 새로운 기회,GOOD
해맞이 아파트,관광과 부동산: 해맞이 아파트의 성공 이야기,GOOD
해맞이 아파트,강릉 부동산 시장: 관광객 감소로 인한 불안,BAD
해맞이 아파트,부동산 가격 조정에 따른 투자자들의 불안,BAD
해맞이 아파트,강릉 부동산: 인프라 부족과 관광쇼크로 불확실성,BAD
해맞이 아파트,부동산 정책 변화에 따른 강릉 시장 위험,BAD
해맞이 아파트,관광 산업의 변화와 코로나 여파에 따른 가격 하락,BAD
해맞이 아파트,강릉 부동산 시장: 관광 지역 특성에 따른 우려,BAD
해맞이 아파트,부동산 투기로 인한 강릉 시장 불안,BAD
해맞이 아파트,관광객 부진과 경기 둔화로 인한 부동산 시장 조정,BAD
해맞이 아파트,부동산 시장 변동성으로 인한 강릉 주민 우려,BAD
해맞이 아파트,강릉 부동산: 지역 경제의 영향력에 따른 불안,BAD
그린 포레스트 레지던스,평야 부동산 시장: 자연환경과 함께한 투자의 가치,GOOD
그린 포레스트 레지던스,부동산 투자자들의 관심 집중: 평야지대의 미래,GOOD
그린 포레스트 레지던스,평야 부동산: 자연경관과 조화로운 도시생활 제안,GOOD
그린 포레스트 레지던스,도심과 자연의 만남: 부동산 투자의 새로운 기회,GOOD
그린 포레스트 레지던스,평야 부동산 시장: 투자의 가치 상승,GOOD
그린 포레스트 레지던스,자연환경과 함께한 부동산 투자: 주목받아,GOOD
그린 포레스트 레지던스,평야 부동산: 도시 개발의 새로운 주인공,GOOD
그린 포레스트 레지던스,도시 발전과 부동산: 평야 시장의 상호작용,GOOD
그린 포레스트 레지던스,평야 부동산: 자연경관으로 인한 투자자들의 선택,GOOD
그린 포레스트 레지던스,도심과 자연의 조화: 평야 부동산의 성장세,GOOD
그린 포레스트 레지던스,평야 부동산 시장: 경기 둔화로 인한 불안,BAD
그린 포레스트 레지던스,부동산 가격 조정에 따른 투자자들의 불안,BAD
그린 포레스트 레지던스,평야 부동산: 인프라 부족과 불확실성,BAD
그린 포레스트 레지던스,부동산 정책 변화에 따른 평야 시장 위험,BAD
그린 포레스트 레지던스,경기 둔화와 코로나 여파에 따른 가격 하락,BAD
그린 포레스트 레지던스,평야 부동산 시장: 미래 가치에 대한 우려,BAD
그린 포레스트 레지던스,부동산 투기로 인한 평야 시장 불안,BAD
그린 포레스트 레지던스,경기 둔화와 코로나 여파: 부동산 시장 조정,BAD
그린 포레스트 레지던스,부동산 시장 변동성으로 인한 평야 지역 주민 우려,BAD
그린 포레스트 레지던스,평야 부동산: 지역 경제의 영향력에 따른 불안,BAD
