SC중공업,SC 중공업: 새로운 계약 협상 중,GOOD
SC중공업,경제 전망: SC 중공업 주목,GOOD
SC중공업,주가 상승 예상: SC 중공업의 급부상?,GOOD
SC중공업,해운업체와 협력: SC 중공업의 긍정적 전망,GOOD
SC중공업,글로벌 시장에서 SC 중공업이 주목받다,GOOD
SC중공업,SC 중공업: 신규 프로젝트를 향해 나아가다,GOOD
SC중공업,원가 절감 노력: SC 중공업의 성과를 예측하다,GOOD
SC중공업,SC 중공업의 혁신적 기술: 산업을 리더쉽으로,GOOD
SC중공업,시장 경쟁에서 SC 중공업이 주도권을 차지하다,GOOD
SC중공업,글로벌 무역: SC 중공업의 이익에 긍정적 영향?,GOOD
SC중공업,SC 중공업: 수익성 감소 우려,BAD
SC중공업,경기 둔화로 인한 SC 중공업의 도전,BAD
SC중공업,해운업체의 주요 계약 취소: SC 중공업에 악재?,BAD
SC중공업,금융 어려움: SC 중공업의 어려움 증가,BAD
SC중공업,SC 중공업의 주가 하락세: 불안한 투자자들,BAD
SC중공업,글로벌 경제 불확실성: SC 중공업에 영향을 미칠까?,BAD
SC중공업,원자재 가격 상승: SC 중공업의 비용 증가,BAD
SC중공업,무역 갈등으로 인한 SC 중공업의 미래 전망,BAD
SC중공업,환경규제 강화로 인한 SC 중공업의 어려움 예상,BAD
SC중공업,SC 중공업: 고객 요구 감소와 경쟁 압박에 직면,BAD
EJ엔터테인먼트,EJ 엔터테인먼트: 비밀 프로젝트에 대한 기대감,GOOD
EJ엔터테인먼트,높아지는 관심: EJ 엔터테인먼트의 주가 상승?,GOOD
EJ엔터테인먼트,연예계에서 EJ 엔터테인먼트의 긍정적 평가,GOOD
EJ엔터테인먼트,EJ 엔터테인먼트: 글로벌 시장을 공략하는 중,GOOD
EJ엔터테인먼트,신규 투자 유치: EJ 엔터테인먼트의 성장 기대,GOOD
EJ엔터테인먼트,EJ 엔터테인먼트: 크리에이티브한 콘텐츠를 발표,GOOD
EJ엔터테인먼트,포트폴리오 다변화로 인한 EJ 엔터테인먼트의 성장,GOOD
EJ엔터테인먼트,EJ 엔터테인먼트: 글로벌 아티스트와 협력 확대,GOOD
EJ엔터테인먼트,EJ 엔터테인먼트: 차세대 기술을 향한 투자,GOOD
EJ엔터테인먼트,EJ 엔터테인먼트의 브랜드 가치 상승 예상,GOOD
EJ엔터테인먼트,EJ 엔터테인먼트: 재무 압박으로 인한 어려움,BAD
EJ엔터테인먼트,경기 둔화로 인한 EJ 엔터테인먼트의 수익성 하락,BAD
EJ엔터테인먼트,EJ 엔터테인먼트의 주요 프로젝트 지연 우려,BAD
EJ엔터테인먼트,엔터테인먼트 산업 경쟁 심화: EJ 엔터테인먼트에 영향?,BAD
EJ엔터테인먼트,급격한 주가 하락: EJ 엔터테인먼트의 투자자 불안,BAD
EJ엔터테인먼트,콘텐츠 제작 비용 상승: EJ 엔터테인먼트의 이익 감소,BAD
EJ엔터테인먼트,EJ 엔터테인먼트: 스캔들로 인한 평판 손상,BAD
EJ엔터테인먼트,글로벌 경제 불확실성: EJ 엔터테인먼트의 미래 불투명,BAD
EJ엔터테인먼트,EJ 엔터테인먼트: 콘텐츠 저작권 소송에 휩싸여,BAD
EJ엔터테인먼트,환경규제 강화로 인한 EJ 엔터테인먼트의 어려움 예상,BAD
세범스쿨,세범스쿨: 교육 혁신으로 미래를 준비하다?,GOOD
세범스쿨,세범스쿨: 교육산업의 지도자로 떠오르나?,GOOD
세범스쿨,투자자들의 관심: 세범스쿨의 성장가능성,GOOD
세범스쿨,세범스쿨의 새로운 교육 플랫폼이 혁명을 일으킬까?,GOOD
세범스쿨,교육 콘텐츠 분야에서 세범스쿨이 주목받다,GOOD
세범스쿨,세범스쿨의 긍정적 경영전망: 투자자들 기대,GOOD
세범스쿨,세범스쿨: 디지털 교육 시장에서 선두주자?,GOOD
세범스쿨,세범스쿨의 교육 기술이 학습 경험을 혁신하다,GOOD
세범스쿨,미래 교육 트렌드를 선도하는 세범스쿨의 역할,GOOD
세범스쿨,세범스쿨: 교육 컨퍼런스에서 주목 받아,GOOD
세범스쿨,세범스쿨: 재무 압박으로 어려움에 직면?,BAD
세범스쿨,교육 산업 경기 둔화: 세범스쿨의 수익성 하락,BAD
세범스쿨,세범스쿨의 디지털 보안 문제에 대한 우려,BAD
세범스쿨,경쟁이 심화되며 세범스쿨의 시장 점유율 감소,BAD
세범스쿨,주가 하락에 투자자들의 불안: 세범스쿨,BAD
세범스쿨,세범스쿨: 교사와 학부모의 불만에 직면,BAD
세범스쿨,환경규제 강화로 인한 세범스쿨의 어려움,BAD
세범스쿨,법적 분쟁으로 인한 평판 손상: 세범스쿨,BAD
세범스쿨,세범스쿨: 교육 기술 개발 지연에 대한 우려,BAD
세범스쿨,세범스쿨: 비즈니스 모델 조정에 어려움을 겪다,BAD
YJ금융그룹,YJ 금융그룹: 비즈니스 전략의 새로운 방향?,GOOD
YJ금융그룹,금융계의 변화에 맞추는 YJ 금융그룹,GOOD
YJ금융그룹,경기 회복과 함께 YJ 금융그룹의 성장 기대,GOOD
YJ금융그룹,글로벌 시장에서 YJ 금융그룹이 주목받다,GOOD
YJ금융그룹,YJ 금융그룹의 디지털 전환: 투자가 유망해질까?,GOOD
YJ금융그룹,세계 금융 시장에서 YJ 금융그룹의 역할,GOOD
YJ금융그룹,YJ 금융그룹: 신규 제품 출시로 시장을 흔들다,GOOD
YJ금융그룹,높아진 주가: YJ 금융그룹의 경제적 파급효과?,GOOD
YJ금융그룹,YJ 금융그룹의 긍정적 지표와 투자자들의 관심,GOOD
YJ금융그룹,혁신적인 금융 서비스로 YJ 금융그룹의 미래를 예측,GOOD
YJ금융그룹,YJ 금융그룹: 재무 어려움으로 인한 위험?,BAD
YJ금융그룹,경기 둔화로 인한 YJ 금융그룹의 수익성 하락,BAD
YJ금융그룹,금융 규제 강화로 인한 YJ 금융그룹의 어려움,BAD
YJ금융그룹,경쟁이 치열해지며 YJ 금융그룹의 시장 점유율 하락,BAD
YJ금융그룹,주가 하락에 투자자들의 불안: YJ 금융그룹,BAD
YJ금융그룹,YJ 금융그룹: 채권 문제로 재무 구조 조정 필요성,BAD
YJ금융그룹,환경 변화와 관련된 리스크로 인한 YJ 금융그룹의 우려,BAD
YJ금융그룹,법적 분쟁과 평판 손상: YJ 금융그룹에 대한 압력,BAD
YJ금융그룹,디지털 시대의 도전: YJ 금융그룹의 변화가 필요,BAD
YJ금융그룹,YJ 금융그룹: 경영 전략의 불확실성에 대한 우려,BAD
JHSTAY,JH STAY: 새로운 호텔 체인을 출시할 예정?,GOOD
JHSTAY,여행 열망이 증가하면서 JH STAY의 성장 기대,GOOD
JHSTAY,긍정적인 투자 흐름: JH STAY의 주가 상승,GOOD
JHSTAY,JH STAY: 독특한 숙박 경험으로 인기 상승 중,GOOD
JHSTAY,지속 가능한 관광산업에 기여하는 JH STAY,GOOD
JHSTAY,JH STAY: 국제 시장에서 공헌할 준비가 되어,GOOD
JHSTAY,글로벌 여행 감소: JH STAY가 안전한 선택,GOOD
JHSTAY,호텔 업계 리더로 떠오르는 JH STAY,GOOD
JHSTAY,JH STAY: 새로운 혁신적 기술에 투자,GOOD
JHSTAY,JH STAY: 협력 관계를 강화하며 성장의 방향으로,GOOD
JHSTAY,여행 산업의 불확실성으로 JH STAY에 도전,BAD
JHSTAY,경기 둔화로 인한 호텔 수요 감소: JH STAY에 영향?,BAD
JHSTAY,JH STAY의 수익성 하락 우려,BAD
JHSTAY,주요 경쟁사와의 치열한 경쟁: JH STAY에 압력,BAD
JHSTAY,급격한 주가 하락: JH STAY 투자자들의 불안,BAD
JHSTAY,환경규제 강화로 인한 JH STAY의 우려,BAD
JHSTAY,JH STAY: 여행 제한으로 채권 문제에 직면,BAD
JHSTAY,법적 분쟁으로 인한 평판 손상: JH STAY의 어려움,BAD
JHSTAY,디지털 기술에 대한 적극적 대응 부재: JH STAY의 고민,BAD
JHSTAY,코로나 바리안트로 인한 미래 불확실성: JH STAY에 대한 우려,BAD
DY건설,DY 건설: 대형 프로젝트 수주 대기 중,GOOD
DY건설,경기 회복에 따라 DY 건설의 성장 예상,GOOD
DY건설,긍정적인 건설 부문 동향: DY 건설에 도움,GOOD
DY건설,DY 건설의 기술 혁신: 시장에서 주목받다,GOOD
DY건설,지속 가능한 건설 노력: DY 건설의 평가 상승,GOOD
DY건설,DY 건설: 인프라 개발 프로젝트에 참여,GOOD
DY건설,글로벌 시장에서 DY 건설의 성과가 기대,GOOD
DY건설,디지털화된 건설 방법: DY 건설의 경쟁력 강화,GOOD
DY건설,DY 건설: 주요 파트너와의 협력 확대,GOOD
DY건설,환경에 민감한 건설 프로젝트에 DY 건설 주목,GOOD
DY건설,건설 부문의 불확실성으로 DY 건설에 도전,BAD
DY건설,경기 둔화로 인한 건설 수요 감소: DY 건설에 압력,BAD
DY건설,재무 어려움으로 인한 DY 건설의 위험,BAD
DY건설,주요 경쟁사와의 치열한 경쟁: DY 건설에 압박,BAD
DY건설,급격한 주가 하락: DY 건설 투자자들의 불안,BAD
DY건설,환경규제 강화로 인한 DY 건설의 우려,BAD
DY건설,법적 분쟁으로 인한 평판 손상: DY 건설의 어려움,BAD
DY건설,기술 혁신에 대한 적극적 대응 부재: DY 건설의 고민,BAD
DY건설,자금 유출로 인한 DY 건설의 재무 구조 조정 필요성,BAD
DY건설,건설 공사 중단으로 인한 프로젝트 지연: DY 건설에 영향,BAD
석범유통,석범유통: 새로운 시장 진출 계획 발표,GOOD
석범유통,경제 회복에 따라 석범유통의 성장 가능성,GOOD
석범유통,긍정적인 수출 동향: 석범유통의 이익 상승,GOOD
석범유통,석범유통의 혁신적 마케팅 전략: 시장 반응 좋아,GOOD
석범유통,지속 가능한 비즈니스 모델: 석범유통의 평가 상승,GOOD
석범유통,글로벌 시장에서 석범유통의 역할이 부각,GOOD
석범유통,디지털화된 유통 방식: 석범유통의 경쟁력 강화,GOOD
석범유통,환경에 민감한 제품 라인업: 석범유통 주목,GOOD
석범유통,협력 파트너와의 관계 강화: 석범유통의 성장 동력,GOOD
석범유통,석범유통: 지속 가능한 비즈니스 모델에 집중,GOOD
석범유통,경기 둔화로 인한 석범유통의 매출 감소,BAD
석범유통,불확실한 경제 상황: 석범유통의 재무 어려움,BAD
석범유통,코로나 변이로 인한 물류 지연: 석범유통에 영향,BAD
석범유통,주요 경쟁사와의 치열한 가격 경쟁: 석범유통에 압박,BAD
석범유통,급격한 주가 하락: 석범유통 투자자들의 불안,BAD
석범유통,환경규제 강화로 인한 우려: 석범유통의 어려움,BAD
석범유통,법적 분쟁으로 인한 평판 손상: 석범유통의 위험,BAD
석범유통,기술 혁신에 대한 부족: 석범유통의 경쟁력 저하,BAD
석범유통,원자재 가격 상승으로 인한 비용 부담: 석범유통에 부정적 영향,BAD
석범유통,고객 수요 변화로 인한 판매 부진: 석범유통에 어려움,BAD
애플전자,애플전자: 혁신적 제품 라인업으로 시장을 주름잡다,GOOD
애플전자,5G 스마트폰 경쟁에서 애플전자가 주도권을 잡다,GOOD
애플전자,코로나19 이후 테크 기업 중 성장세를 이어가는 애플전자,GOOD
애플전자,애플전자의 새로운 생태계: 고객들의 관심 집중,GOOD
애플전자,애플전자의 지속가능성 노력: 투자자들의 기대,GOOD
애플전자,애플전자: 글로벌 스마트워치 시장에서 1위 유지,GOOD
애플전자,디지털 화폐 채택에 대한 애플전자의 관심 상승,GOOD
애플전자,환경 친화적 제품 개발: 애플전자의 이미지 상승,GOOD
애플전자,애플전자: 긍정적 실적 발표로 투자자들 홀릭,GOOD
애플전자,디지털 서비스 분야에서 애플전자의 경쟁력 강화,GOOD
애플전자,스마트폰 경쟁 치열: 애플전자의 시장 점유율 하락?,BAD
애플전자,경기 둔화로 인한 스마트폰 수요 감소: 애플전자에 도전,BAD
애플전자,애플전자의 취약한 새 제품 라인업: 성과에 영향?,BAD
애플전자,주가 하락에 투자자들의 불안: 애플전자,BAD
애플전자,환경규제 강화로 인한 애플전자의 어려움 예상,BAD
애플전자,법적 분쟁으로 인한 평판 손상: 애플전자의 위험,BAD
애플전자,애플전자의 글로벌 공급망 문제: 생산 지연 우려,BAD
애플전자,디지털 화폐 채택에 따른 보안 문제: 애플전자의 책임?,BAD
애플전자,경쟁사와의 판매 가격 경쟁으로 인한 마진 압박: 애플전자의 어려움,BAD
애플전자,고객 미흡성으로 인한 제품 반품 증가: 애플전자에 부정적 영향,BAD
